,Equity Name,Trade,Entry Time,Entry Price,Exit Time,Exit Price,Quantity,Position Size,PNL,% PNL
0,RELIANCE,Long Closed,1996-02-16,16.28,1996-04-05,14.9,3071.0,49997.686,-4237.98,-8.476
1,RELIANCE,Long Closed,1996-04-24,17.64,1996-06-18,17.21,2833.0,49986.714,-1218.19,-2.437
2,RELIANCE,Long Closed,1996-08-13,14.82,1996-08-16,14.75,3374.0,49991.758,-236.18,-0.472
3,RELIANCE,Long Closed,1996-08-30,15.07,1996-09-17,13.78,3317.0,49999.877,-4278.93,-8.558
4,RELIANCE,Long Closed,1996-11-12,13.1,1996-11-21,13.04,3816.0,49987.491,-228.96,-0.458
5,RELIANCE,Long Closed,1996-12-30,14.98,1997-04-15,19.12,3338.0,49994.65,13819.32,27.642
6,RELIANCE,Long Closed,1997-05-01,22.11,1997-09-03,24.6,2260.0,49978.693,5627.4,11.26
7,RELIANCE,Long Closed,1997-10-13,30.7,1997-11-27,23.28,1628.0,49975.493,-12079.76,-24.171
8,RELIANCE,Long Closed,1998-01-14,23.21,1998-01-30,21.46,2154.0,49987.834,-3769.5,-7.541
9,RELIANCE,Long Closed,1998-03-12,24.56,1998-05-25,25.63,2035.0,49987.121,2177.45,4.356
10,RELIANCE,Long Closed,1998-10-07,15.85,1998-10-14,15.08,3154.0,49997.687,-2428.58,-4.857
11,RELIANCE,Long Closed,1998-11-19,17.3,1999-02-26,20.06,2889.0,49984.596,7973.64,15.952
12,RELIANCE,Long Closed,1999-03-03,21.41,1999-04-06,16.99,2335.0,49986.618,-10320.7,-20.647
13,RELIANCE,Long Closed,1999-05-12,24.14,1999-08-09,25.25,2071.0,49984.119,2298.81,4.599
14,RELIANCE,Long Closed,1999-09-09,27.26,1999-11-25,32.83,1833.0,49972.793,10209.81,20.431
15,RELIANCE,Long Closed,2000-01-04,36.9,2000-03-10,33.42,1354.0,49966.212,-4711.92,-9.43
16,RELIANCE,Long Closed,2000-04-18,42.43,2000-06-06,48.27,1178.0,49981.952,6879.52,13.764
17,RELIANCE,Long Closed,2000-06-14,49.48,2000-08-10,47.41,1010.0,49979.265,-2090.7,-4.183
18,RELIANCE,Long Closed,2000-09-13,55.12,2000-10-13,46.45,907.0,49992.355,-7863.69,-15.73
19,RELIANCE,Long Closed,2000-12-07,48.04,2001-03-30,56.28,1040.0,49963.7,8569.6,17.152
20,RELIANCE,Long Closed,2001-05-29,56.98,2001-06-28,51.13,877.0,49973.266,-5130.45,-10.266
21,RELIANCE,Long Closed,2001-11-12,37.83,2002-02-12,44.27,1321.0,49974.682,8507.24,17.023
22,RELIANCE,Long Closed,2002-03-06,43.99,2002-03-14,42.42,1136.0,49968.269,-1783.52,-3.569
23,RELIANCE,Long Closed,2002-07-01,38.57,2002-07-10,39.13,1296.0,49982.092,725.76,1.452
24,RELIANCE,Long Closed,2002-09-12,36.82,2002-10-15,34.59,1358.0,49997.457,-3028.34,-6.057
25,RELIANCE,Long Closed,2002-11-19,38.82,2003-01-29,44.27,1287.0,49965.832,7014.15,14.038
26,RELIANCE,Long Closed,2003-03-05,41.49,2003-03-27,40.4,1204.0,49958.872,-1312.36,-2.627
27,RELIANCE,Long Closed,2003-04-15,41.84,2003-04-21,39.99,1194.0,49961.697,-2208.9,-4.421
28,RELIANCE,Long Closed,2003-06-06,44.99,2004-03-16,77.12,1111.0,49979.264,35696.43,71.422
29,RELIANCE,Long Closed,2004-04-27,79.97,2004-05-10,75.65,625.0,49984.264,-2700.0,-5.402
30,RELIANCE,Long Closed,2004-07-30,67.85,2004-12-01,74.69,736.0,49937.649,5034.24,10.081
31,RELIANCE,Long Closed,2005-01-18,73.28,2005-04-19,74.83,682.0,49974.867,1057.1,2.115
32,RELIANCE,Long Closed,2005-06-16,82.4,2006-06-13,203.44,606.0,49935.991,73350.24,146.889
33,RELIANCE,Long Closed,2006-07-12,236.86,2006-08-21,241.16,211.0,49977.016,907.3,1.815
34,RELIANCE,Long Closed,2006-08-22,246.87,2007-01-09,295.97,202.0,49867.705,9918.2,19.889
35,RELIANCE,Long Closed,2007-01-12,299.15,2007-03-19,297.41,167.0,49957.519,-290.58,-0.582
36,RELIANCE,Long Closed,2007-04-17,334.87,2008-01-31,565.06,149.0,49896.28,34298.31,68.739
37,RELIANCE,Long Closed,2008-04-23,597.06,2008-06-09,498.77,83.0,49555.919,-8158.07,-16.462
38,RELIANCE,Long Closed,2008-08-12,534.88,2008-09-15,431.95,93.0,49744.272,-9572.49,-19.243
39,RELIANCE,Long Closed,2008-12-31,286.64,2009-02-05,303.79,174.0,49875.936,2984.1,5.983
40,RELIANCE,Long Closed,2009-02-10,317.48,2009-03-19,305.84,157.0,49844.232,-1827.48,-3.666
41,RELIANCE,Long Closed,2009-03-24,331.46,2009-07-08,424.12,150.0,49718.555,13899.0,27.955
42,RELIANCE,Long Closed,2009-08-25,449.21,2009-11-06,441.17,111.0,49862.495,-892.44,-1.79
43,RELIANCE,Long Closed,2009-12-03,505.12,2010-02-05,445.74,98.0,49502.065,-5819.24,-11.756
44,RELIANCE,Long Closed,2010-03-29,504.57,2010-05-12,491.93,99.0,49952.875,-1251.36,-2.505
45,RELIANCE,Long Closed,2010-06-25,480.02,2010-08-05,466.29,104.0,49922.568,-1427.92,-2.86
46,RELIANCE,Long Closed,2010-10-04,464.0,2010-12-01,450.31,107.0,49648.108,-1464.83,-2.95
47,RELIANCE,Long Closed,2011-01-05,493.74,2011-01-27,441.62,101.0,49867.705,-5264.12,-10.556
48,RELIANCE,Long Closed,2011-03-16,477.74,2011-05-06,435.68,104.0,49684.838,-4374.24,-8.804
49,RELIANCE,Long Closed,2011-09-28,365.62,2011-12-02,364.36,136.0,49724.157,-171.36,-0.345
50,RELIANCE,Long Closed,2012-02-02,381.73,2012-03-22,350.14,130.0,49625.409,-4106.7,-8.275
51,RELIANCE,Long Closed,2012-06-26,328.02,2012-11-07,366.65,152.0,49858.565,5871.76,11.777
52,RELIANCE,Long Closed,2012-12-20,384.91,2013-02-28,382.74,129.0,49653.548,-279.93,-0.564
53,RELIANCE,Long Closed,2013-05-21,379.95,2013-06-25,365.6,131.0,49773.576,-1879.85,-3.777
54,RELIANCE,Long Closed,2013-07-03,393.39,2013-08-23,372.0,127.0,49960.741,-2716.53,-5.437
55,RELIANCE,Long Closed,2013-09-26,387.06,2013-12-02,389.96,129.0,49930.728,374.1,0.749
56,RELIANCE,Long Closed,2014-01-02,405.83,2014-01-10,387.84,123.0,49916.668,-2212.77,-4.433
57,RELIANCE,Long Closed,2014-01-13,396.93,2014-01-29,388.5,125.0,49616.837,-1053.75,-2.124
58,RELIANCE,Long Closed,2014-03-21,414.65,2014-07-09,458.08,120.0,49757.985,5211.6,10.474
59,RELIANCE,Long Closed,2014-09-09,471.84,2014-09-30,424.25,105.0,49543.347,-4996.95,-10.086
60,RELIANCE,Long Closed,2014-11-25,450.35,2014-12-17,395.56,111.0,49989.359,-6081.69,-12.166
61,RELIANCE,Long Closed,2015-02-12,415.11,2015-03-10,397.25,120.0,49812.847,-2143.2,-4.303
62,RELIANCE,Long Closed,2015-04-28,399.88,2015-08-20,438.86,125.0,49985.428,4872.5,9.748
63,RELIANCE,Long Closed,2015-10-23,440.69,2016-02-15,419.68,113.0,49797.463,-2374.13,-4.768
64,RELIANCE,Long Closed,2016-03-22,474.08,2016-05-11,444.27,105.0,49778.559,-3130.05,-6.288
65,RELIANCE,Long Closed,2016-07-05,450.81,2016-11-09,434.31,110.0,49589.291,-1815.0,-3.66
66,RELIANCE,Long Closed,2016-12-27,479.04,2017-02-09,469.97,104.0,49820.345,-943.28,-1.893
67,RELIANCE,Long Closed,2017-02-27,544.26,2017-05-29,611.23,91.0,49527.344,6094.27,12.305
68,RELIANCE,Long Closed,2017-06-27,654.66,2017-12-28,845.99,76.0,49754.33,14541.08,29.226
69,RELIANCE,Long Closed,2018-01-10,862.22,2018-02-23,846.12,57.0,49146.298,-917.7,-1.867
70,RELIANCE,Long Closed,2018-04-25,890.24,2018-06-11,902.54,56.0,49853.443,688.8,1.382
71,RELIANCE,Long Closed,2018-06-19,927.04,2018-10-10,1000.19,53.0,49133.222,3876.95,7.891
72,RELIANCE,Long Closed,2018-12-07,1032.69,2019-01-11,1012.71,48.0,49569.27,-959.04,-1.935
73,RELIANCE,Long Closed,2019-01-23,1127.65,2019-05-21,1218.07,44.0,49616.445,3978.48,8.018
74,RELIANCE,Long Closed,2019-09-11,1117.77,2019-09-20,1086.18,44.0,49181.956,-1389.96,-2.826
75,RELIANCE,Long Closed,2019-09-30,1197.78,2020-01-21,1397.65,41.0,49108.811,8194.67,16.687
76,RELIANCE,Long Closed,2020-05-04,1316.64,2020-10-29,1843.23,37.0,48715.649,19483.83,39.995
77,RELIANCE,Long Closed,2021-01-05,1817.39,2021-01-11,1789.51,27.0,49069.432,-752.76,-1.534
78,RELIANCE,Long Closed,2021-01-22,1948.45,2021-01-28,1735.38,25.0,48711.307,-5326.75,-10.935
79,RELIANCE,Long Closed,2021-02-16,1882.69,2021-02-22,1919.84,26.0,48949.904,965.9,1.973
80,RELIANCE,Long Closed,2021-02-24,1873.69,2021-04-13,1775.85,26.0,48715.923,-2543.84,-5.222
81,RELIANCE,Long Closed,2021-06-03,2049.98,2021-07-23,1970.1,24.0,49199.572,-1917.12,-3.897
82,RELIANCE,Long Closed,2021-08-27,2064.75,2021-11-24,2196.74,24.0,49554.006,3167.76,6.393
83,RELIANCE,Long Closed,2022-01-19,2335.19,2022-02-15,2170.16,21.0,49038.973,-3465.63,-7.067
84,RELIANCE,Long Closed,2022-03-29,2434.87,2022-05-27,2393.38,20.0,48697.461,-829.8,-1.704
85,RELIANCE,Long Closed,2022-06-13,2445.95,2022-07-01,2376.63,20.0,48918.984,-1386.4,-2.834
86,RELIANCE,Long Closed,2022-08-18,2455.18,2022-09-28,2178.6,20.0,49103.584,-5531.6,-11.265
87,RELIANCE,Long Closed,2022-11-11,2399.8,2023-01-03,2367.54,20.0,47995.981,-645.2,-1.344
88,RELIANCE,Long Closed,2023-05-02,2248.61,2023-09-07,2421.7,22.0,49469.46,3807.98,7.698
89,RELIANCE,Long Closed,2023-11-29,2408.0,2024-04-10,2932.7,20.0,48160.0,10494.0,21.79
90,RELIANCE,Long Closed,2024-04-22,2944.9,2024-05-03,2942.0,16.0,47118.398,-46.4,-0.098
91,TCS,Long Closed,2002-09-10,40.94,2002-10-03,37.25,1221.0,49984.688,-4505.49,-9.014
92,TCS,Long Closed,2002-11-26,42.62,2003-02-07,50.14,1173.0,49999.125,8820.96,17.642
93,TCS,Long Closed,2004-05-07,116.25,2004-07-15,91.75,430.0,49987.5,-10535.0,-21.075
94,TCS,Long Closed,2004-07-16,93.72,2005-04-21,140.62,533.0,49955.424,24997.7,50.04
95,TCS,Long Closed,2005-06-13,159.38,2005-08-29,171.25,313.0,49884.375,3715.31,7.448
96,TCS,Long Closed,2005-09-09,168.88,2005-11-09,184.62,296.0,49987.0,4659.04,9.321
97,TCS,Long Closed,2005-11-18,189.0,2006-02-08,208.25,264.0,49896.0,5082.0,10.185
98,TCS,Long Closed,2006-03-07,217.52,2006-06-01,228.12,229.0,49812.081,2427.4,4.873
99,TCS,Long Closed,2006-07-21,224.75,2007-03-08,297.5,222.0,49894.5,16150.5,32.369
100,TCS,Long Closed,2007-05-08,317.5,2007-06-04,307.0,157.0,49847.5,-1648.5,-3.307
101,TCS,Long Closed,2007-10-19,286.96,2007-11-13,240.96,174.0,49931.474,-8004.0,-16.03
102,TCS,Long Closed,2007-12-26,278.75,2008-01-22,203.68,179.0,49896.25,-13437.53,-26.931
103,TCS,Long Closed,2008-04-21,252.25,2008-06-24,212.5,198.0,49945.5,-7870.5,-15.758
104,TCS,Long Closed,2008-09-04,211.25,2008-09-18,182.0,236.0,49855.0,-6903.0,-13.846
105,TCS,Long Closed,2009-02-03,123.25,2009-02-05,125.0,405.0,49916.25,708.75,1.42
106,TCS,Long Closed,2009-03-31,131.25,2010-05-05,375.0,380.0,49875.0,92625.0,185.714
107,TCS,Long Closed,2010-06-25,387.9,2011-02-22,561.33,128.0,49651.199,22199.04,44.71
108,TCS,Long Closed,2011-04-08,598.45,2011-05-25,574.55,83.0,49671.351,-1983.7,-3.994
109,TCS,Long Closed,2011-07-04,596.5,2011-07-13,575.0,83.0,49509.5,-1784.5,-3.604
110,TCS,Long Closed,2011-07-20,575.0,2011-07-29,566.5,86.0,49450.0,-731.0,-1.478
111,TCS,Long Closed,2011-10-10,524.0,2012-01-25,547.45,95.0,49780.0,2227.75,4.475
112,TCS,Long Closed,2012-02-17,617.42,2012-03-30,572.75,80.0,49393.999,-3573.6,-7.235
113,TCS,Long Closed,2012-05-14,613.65,2012-07-26,606.5,81.0,49705.652,-579.15,-1.165
114,TCS,Long Closed,2012-08-22,647.95,2012-10-16,648.5,77.0,49892.151,42.35,0.085
115,TCS,Long Closed,2012-12-05,650.0,2012-12-07,638.33,76.0,49400.0,-886.92,-1.795
116,TCS,Long Closed,2013-01-18,681.25,2013-04-26,696.5,73.0,49731.25,1113.25,2.239
117,TCS,Long Closed,2013-06-10,762.53,2013-06-28,747.5,65.0,49564.127,-976.95,-1.971
118,TCS,Long Closed,2013-07-02,746.55,2013-07-08,764.0,66.0,49272.299,1151.7,2.337
119,TCS,Long Closed,2013-07-15,800.55,2013-12-03,1008.03,62.0,49634.099,12863.76,25.917
120,TCS,Long Closed,2013-12-31,1080.05,2014-02-20,1103.0,46.0,49682.302,1055.7,2.125
121,TCS,Long Closed,2014-04-25,1113.5,2014-05-28,1070.0,44.0,48994.0,-1914.0,-3.907
122,TCS,Long Closed,2014-06-23,1146.5,2014-11-10,1287.55,43.0,49299.5,6065.15,12.303
123,TCS,Long Closed,2015-02-10,1255.0,2015-04-08,1297.0,39.0,48945.0,1638.0,3.347
124,TCS,Long Closed,2015-06-02,1308.0,2015-07-22,1280.5,38.0,49704.0,-1045.0,-2.102
125,TCS,Long Closed,2015-08-19,1375.0,2015-09-21,1275.0,36.0,49500.0,-3600.0,-7.273
126,TCS,Long Closed,2015-10-14,1274.0,2015-10-15,1245.0,39.0,49686.0,-1131.0,-2.276
127,TCS,Long Closed,2016-03-22,1221.0,2016-07-11,1215.0,40.0,48840.0,-240.0,-0.491
128,TCS,Long Closed,2016-08-09,1329.0,2016-09-14,1181.0,37.0,49173.0,-5476.0,-11.136
129,TCS,Long Closed,2017-01-03,1180.62,2017-02-10,1155.5,42.0,49586.25,-1055.04,-2.128
130,TCS,Long Closed,2017-02-14,1209.82,2017-04-19,1131.75,41.0,49602.823,-3200.87,-6.453
131,TCS,Long Closed,2017-05-29,1289.5,2017-07-06,1179.5,38.0,49001.0,-4180.0,-8.53
132,TCS,Long Closed,2017-08-07,1258.25,2017-09-20,1257.0,39.0,49071.75,-48.75,-0.099
133,TCS,Long Closed,2017-10-17,1292.5,2017-12-21,1293.5,38.0,49115.0,38.0,0.077
134,TCS,Long Closed,2018-01-16,1378.0,2018-03-23,1401.0,36.0,49608.0,828.0,1.669
135,TCS,Long Closed,2018-04-23,1712.0,2018-10-25,1844.0,29.0,49648.0,3828.0,7.71
136,TCS,Long Closed,2018-12-17,1999.0,2019-01-11,1870.0,25.0,49975.0,-3225.0,-6.453
137,TCS,Long Closed,2019-02-08,2075.0,2019-07-23,2127.9,24.0,49800.0,1269.6,2.549
138,TCS,Long Closed,2019-08-26,2247.0,2019-09-26,2097.9,22.0,49434.0,-3280.2,-6.636
139,TCS,Long Closed,2019-11-13,2118.0,2019-12-10,2060.0,23.0,48714.0,-1334.0,-2.738
140,TCS,Long Closed,2020-01-01,2168.0,2020-02-13,2172.95,23.0,49864.0,113.85,0.228
141,TCS,Long Closed,2020-05-14,1910.0,2021-03-03,3035.0,26.0,49660.0,29250.0,58.901
142,TCS,Long Closed,2021-04-08,3270.0,2021-05-18,3100.0,15.0,49050.0,-2550.0,-5.199
143,TCS,Long Closed,2021-06-15,3298.0,2021-08-02,3180.0,15.0,49470.0,-1770.0,-3.578
144,TCS,Long Closed,2021-08-17,3482.1,2021-10-26,3494.5,14.0,48749.401,173.6,0.356
145,TCS,Long Closed,2021-12-21,3582.65,2022-02-22,3650.0,13.0,46574.449,875.55,1.88
146,TCS,Long Closed,2022-04-07,3745.5,2022-05-02,3519.9,13.0,48691.5,-2932.8,-6.023
147,TCS,Long Closed,2022-08-17,3385.1,2022-09-15,3130.0,14.0,47391.401,-3571.4,-7.536
148,TCS,Long Closed,2022-11-03,3228.05,2023-01-03,3252.0,15.0,48420.751,359.25,0.742
149,TCS,Long Closed,2023-01-27,3426.0,2023-03-16,3208.0,14.0,47964.0,-3052.0,-6.363
150,TCS,Long Closed,2023-05-19,3210.0,2023-07-03,3314.3,15.0,48150.0,1564.5,3.249
151,TCS,Long Closed,2023-07-17,3510.0,2023-11-03,3382.0,14.0,49140.0,-1792.0,-3.647
152,TCS,Long Closed,2023-12-11,3622.9,2024-04-08,3983.0,13.0,47097.699,4681.3,9.94
153,INFY,Long Closed,1996-02-08,0.85,1996-08-05,1.35,58850.0,49999.491,29425.0,58.851
154,INFY,Long Closed,1996-10-25,1.33,1997-11-06,5.06,37647.0,49999.922,140423.31,280.847
155,INFY,Long Closed,1998-03-02,5.58,1998-06-23,7.52,8957.0,49998.25,17376.58,34.754
156,INFY,Long Closed,1998-07-17,10.33,1998-09-11,9.38,4839.0,49996.699,-4597.05,-9.195
157,INFY,Long Closed,1998-11-16,9.34,1998-12-02,9.22,5355.0,49993.94,-642.6,-1.285
158,INFY,Long Closed,1998-12-08,9.81,1999-04-15,20.82,5095.0,49994.688,56095.95,112.204
159,INFY,Long Closed,1999-05-18,24.06,2000-04-10,153.37,2077.0,49977.812,268576.87,537.392
160,INFY,Long Closed,2000-06-22,132.81,2000-08-02,103.5,376.0,49937.5,-11020.56,-22.069
161,INFY,Long Closed,2000-09-04,131.25,2000-10-11,110.94,380.0,49875.0,-7717.8,-15.474
162,INFY,Long Closed,2000-11-21,119.22,2000-12-22,98.36,419.0,49952.656,-8740.34,-17.497
163,INFY,Long Closed,2001-02-08,100.86,2001-03-05,76.58,495.0,49925.391,-12018.6,-24.073
164,INFY,Long Closed,2001-05-28,65.39,2001-06-25,53.3,764.0,49956.648,-9236.76,-18.49
165,INFY,Long Closed,2001-08-06,60.39,2001-09-07,51.25,827.0,49943.047,-7558.78,-15.135
166,INFY,Long Closed,2001-11-06,45.17,2002-02-01,61.74,1106.0,49960.094,18326.42,36.682
167,INFY,Long Closed,2002-03-20,61.8,2002-04-10,56.56,809.0,49993.672,-4239.16,-8.479
168,INFY,Long Closed,2002-08-28,53.12,2003-01-29,67.81,941.0,49990.625,13823.29,27.652
169,INFY,Long Closed,2003-06-24,47.28,2004-02-13,83.88,1057.0,49976.281,38686.2,77.409
170,INFY,Long Closed,2004-04-16,84.3,2004-05-19,78.28,593.0,49988.047,-3569.86,-7.141
171,INFY,Long Closed,2004-06-18,81.25,2005-01-17,123.88,615.0,49968.75,26217.45,52.468
172,INFY,Long Closed,2005-02-18,135.62,2005-04-19,120.88,368.0,49910.0,-5424.32,-10.868
173,INFY,Long Closed,2005-05-31,138.44,2005-08-01,137.62,361.0,49975.938,-296.02,-0.592
174,INFY,Long Closed,2005-08-30,144.31,2006-02-03,176.75,346.0,49932.125,11224.24,22.479
175,INFY,Long Closed,2006-03-22,185.0,2006-05-31,185.62,270.0,49950.0,167.4,0.335
176,INFY,Long Closed,2006-07-13,218.5,2007-03-09,266.29,228.0,49818.0,10896.12,21.872
177,INFY,Long Closed,2007-07-27,250.12,2007-08-08,236.25,199.0,49774.875,-2760.13,-5.545
178,INFY,Long Closed,2007-10-11,262.5,2007-11-08,214.84,190.0,49875.0,-9055.4,-18.156
179,INFY,Long Closed,2008-01-04,218.43,2008-01-23,181.12,228.0,49800.901,-8506.68,-17.081
180,INFY,Long Closed,2008-04-23,200.0,2008-07-07,222.5,250.0,50000.0,5625.0,11.25
181,INFY,Long Closed,2008-09-01,218.75,2008-09-30,171.25,228.0,49875.0,-10830.0,-21.714
182,INFY,Long Closed,2009-01-22,154.38,2009-03-13,156.18,323.0,49863.125,581.4,1.166
183,INFY,Long Closed,2009-03-26,168.12,2009-11-05,278.27,297.0,49933.125,32714.55,65.517
184,INFY,Long Closed,2009-11-19,295.98,2010-02-16,312.5,168.0,49724.852,2775.36,5.581
185,INFY,Long Closed,2010-03-10,334.36,2010-05-17,329.38,149.0,49820.011,-742.02,-1.489
186,INFY,Long Closed,2010-06-23,343.39,2010-09-01,339.23,145.0,49791.189,-603.2,-1.211
187,INFY,Long Closed,2010-09-16,379.01,2010-11-18,373.62,131.0,49649.82,-706.09,-1.422
188,INFY,Long Closed,2010-12-08,394.88,2011-02-07,384.36,126.0,49754.25,-1325.52,-2.664
189,INFY,Long Closed,2011-04-07,407.74,2011-05-04,362.62,122.0,49743.974,-5504.64,-11.066
190,INFY,Long Closed,2011-07-08,375.0,2011-08-01,347.51,133.0,49875.0,-3656.17,-7.331
191,INFY,Long Closed,2011-10-12,324.38,2011-12-15,340.79,154.0,49953.75,2527.14,5.059
192,INFY,Long Closed,2012-01-05,354.9,2012-02-02,342.51,140.0,49685.999,-1734.6,-3.491
193,INFY,Long Closed,2012-02-21,366.25,2012-04-16,300.0,136.0,49810.0,-9010.0,-18.089
194,INFY,Long Closed,2012-06-20,310.0,2012-07-19,275.0,161.0,49910.0,-5635.0,-11.29
195,INFY,Long Closed,2012-09-03,295.75,2012-10-30,290.75,169.0,49981.75,-845.0,-1.691
196,INFY,Long Closed,2013-01-16,347.62,2013-04-15,286.25,143.0,49710.375,-8775.91,-17.654
197,INFY,Long Closed,2013-06-19,305.75,2014-03-24,409.02,163.0,49837.25,16833.01,33.776
198,INFY,Long Closed,2014-06-30,402.5,2014-12-26,486.27,124.0,49910.0,10387.48,20.812
199,INFY,Long Closed,2015-01-27,555.25,2015-04-06,544.75,90.0,49972.5,-945.0,-1.891
200,INFY,Long Closed,2015-07-02,499.5,2015-07-08,489.5,100.0,49950.0,-1000.0,-2.002
201,INFY,Long Closed,2015-07-28,534.25,2015-09-29,551.0,93.0,49685.25,1557.75,3.135
202,INFY,Long Closed,2015-10-05,586.5,2015-11-24,525.0,85.0,49852.5,-5227.5,-10.486
203,INFY,Long Closed,2016-01-12,531.0,2016-06-29,584.5,94.0,49914.0,5029.0,10.075
204,INFY,Long Closed,2016-12-23,492.45,2017-01-30,468.75,101.0,49737.451,-2393.7,-4.813
205,INFY,Long Closed,2017-03-02,512.2,2017-04-20,460.75,97.0,49683.401,-4990.65,-10.045
206,INFY,Long Closed,2017-06-06,482.5,2017-07-03,470.55,103.0,49697.5,-1230.85,-2.477
207,INFY,Long Closed,2017-07-25,495.0,2017-08-30,468.6,101.0,49995.0,-2666.4,-5.333
208,INFY,Long Closed,2017-10-25,459.5,2018-04-18,561.42,108.0,49626.0,11007.36,22.181
209,INFY,Long Closed,2018-05-08,588.95,2018-10-23,675.95,84.0,49471.801,7308.0,14.772
210,INFY,Long Closed,2018-12-21,659.5,2019-03-19,712.8,75.0,49462.5,3997.5,8.082
211,INFY,Long Closed,2019-04-15,724.7,2019-05-13,716.55,68.0,49279.601,-554.2,-1.125
212,INFY,Long Closed,2019-06-20,737.8,2019-10-16,765.25,67.0,49432.599,1839.15,3.721
213,INFY,Long Closed,2019-12-23,732.15,2020-03-13,592.0,68.0,49786.202,-9530.2,-19.142
214,INFY,Long Closed,2020-05-13,694.8,2021-02-26,1269.0,71.0,49330.799,40768.2,82.642
215,INFY,Long Closed,2021-03-16,1386.05,2021-05-14,1326.85,36.0,49897.802,-2131.2,-4.271
216,INFY,Long Closed,2021-06-10,1424.0,2022-02-09,1735.0,35.0,49840.0,10885.0,21.84
217,INFY,Long Closed,2022-03-23,1897.0,2022-04-26,1577.2,26.0,49322.0,-8314.8,-16.858
218,INFY,Long Closed,2022-07-21,1517.0,2022-09-15,1475.0,32.0,48544.0,-1344.0,-2.769
219,INFY,Long Closed,2022-11-01,1553.05,2022-12-30,1528.0,32.0,49697.602,-801.6,-1.613
220,INFY,Long Closed,2023-02-10,1612.95,2023-03-14,1441.0,30.0,48388.499,-5158.5,-10.661
221,INFY,Long Closed,2023-06-15,1293.95,2023-10-26,1355.05,38.0,49170.098,2321.8,4.722
222,INFY,Long Closed,2023-12-07,1472.85,2024-03-20,1563.0,33.0,48604.049,2974.95,6.121
223,SBIN,Long Closed,1996-02-05,21.09,1996-04-08,24.63,2371.0,49998.914,8393.34,16.787
224,SBIN,Long Closed,1996-04-10,25.1,1996-06-05,28.31,1992.0,49994.527,6394.32,12.79
225,SBIN,Long Closed,1996-06-18,29.06,1996-08-07,26.89,1720.0,49983.957,-3732.4,-7.467
226,SBIN,Long Closed,1997-01-02,23.49,1997-04-15,26.04,2128.0,49994.525,5426.4,10.854
227,SBIN,Long Closed,1997-05-08,28.84,1997-08-07,31.14,1733.0,49985.667,3985.9,7.974
228,SBIN,Long Closed,1998-01-12,21.94,1998-05-18,23.93,2279.0,49994.102,4535.21,9.071
229,SBIN,Long Closed,1998-08-07,19.06,1998-08-10,18.82,2623.0,49992.072,-629.52,-1.259
230,SBIN,Long Closed,1998-09-28,20.02,1998-10-14,15.0,2497.0,49993.713,-12534.94,-25.073
231,SBIN,Long Closed,1999-01-08,16.61,1999-02-15,14.65,3010.0,49983.959,-5899.6,-11.803
232,SBIN,Long Closed,1999-03-11,19.81,1999-04-23,15.29,2523.0,49990.561,-11403.96,-22.812
233,SBIN,Long Closed,1999-05-21,26.78,1999-08-13,22.83,1867.0,49992.884,-7374.65,-14.751
234,SBIN,Long Closed,1999-10-21,24.34,1999-11-29,21.63,2053.0,49975.843,-5563.63,-11.133
235,SBIN,Long Closed,2000-01-10,26.42,2000-03-06,20.26,1892.0,49983.959,-11654.72,-23.317
236,SBIN,Long Closed,2000-05-03,18.59,2000-05-18,18.12,2690.0,49999.999,-1264.3,-2.529
237,SBIN,Long Closed,2000-06-16,21.18,2000-08-03,19.23,2361.0,49999.663,-4603.95,-9.208
238,SBIN,Long Closed,2000-11-28,16.71,2001-04-02,18.78,2993.0,49998.173,6195.51,12.391
239,SBIN,Long Closed,2001-05-15,22.64,2001-06-19,20.1,2208.0,49999.058,-5608.32,-11.217
240,SBIN,Long Closed,2001-10-29,17.79,2001-12-25,17.17,2811.0,49994.664,-1742.82,-3.486
241,SBIN,Long Closed,2002-01-22,20.31,2002-03-28,21.41,2461.0,49981.153,2707.1,5.416
242,SBIN,Long Closed,2002-04-25,22.46,2002-05-17,20.89,2226.0,49986.6,-3494.82,-6.992
243,SBIN,Long Closed,2002-06-21,22.97,2002-08-01,22.08,2176.0,49993.016,-1936.64,-3.874
244,SBIN,Long Closed,2002-09-10,22.01,2002-10-07,21.7,2271.0,49979.313,-704.01,-1.409
245,SBIN,Long Closed,2002-11-06,22.87,2003-03-18,25.93,2186.0,49985.57,6689.16,13.382
246,SBIN,Long Closed,2003-05-01,26.29,2003-12-02,44.53,1901.0,49979.587,34674.24,69.377
247,SBIN,Long Closed,2003-12-25,48.01,2004-03-09,59.44,1041.0,49979.512,11898.63,23.807
248,SBIN,Long Closed,2004-04-19,60.85,2004-05-21,47.55,821.0,49955.929,-10919.3,-21.858
249,SBIN,Long Closed,2004-08-11,43.4,2004-11-05,45.58,1152.0,49999.056,2511.36,5.023
250,SBIN,Long Closed,2004-11-17,47.74,2005-04-13,61.8,1047.0,49986.034,14720.82,29.45
251,SBIN,Long Closed,2005-06-02,62.73,2005-11-09,78.97,797.0,49999.555,12943.28,25.887
252,SBIN,Long Closed,2005-12-09,83.74,2006-02-06,80.77,597.0,49991.271,-1773.09,-3.547
253,SBIN,Long Closed,2006-03-20,91.05,2006-05-10,92.23,549.0,49986.318,647.82,1.296
254,SBIN,Long Closed,2006-08-09,78.41,2007-01-12,109.64,637.0,49944.995,19893.51,39.831
255,SBIN,Long Closed,2007-04-30,102.94,2007-09-06,149.83,485.0,49924.991,22741.65,45.552
256,SBIN,Long Closed,2007-09-19,163.7,2008-02-07,220.0,305.0,49928.764,17171.5,34.392
257,SBIN,Long Closed,2008-05-20,170.0,2008-05-29,152.22,294.0,49980.0,-5227.32,-10.459
258,SBIN,Long Closed,2008-08-04,149.87,2008-10-17,155.9,333.0,49905.047,2007.99,4.024
259,SBIN,Long Closed,2009-01-02,131.5,2009-02-03,106.62,380.0,49970.0,-9454.4,-18.92
260,SBIN,Long Closed,2009-04-16,130.5,2009-07-21,172.2,383.0,49981.5,15971.1,31.954
261,SBIN,Long Closed,2009-08-11,171.6,2009-12-21,214.9,291.0,49935.602,12600.3,25.233
262,SBIN,Long Closed,2010-03-29,207.5,2010-11-24,295.55,240.0,49800.0,21132.0,42.434
263,SBIN,Long Closed,2011-03-04,270.8,2011-03-23,261.79,184.0,49827.198,-1657.84,-3.327
264,SBIN,Long Closed,2011-03-29,274.18,2011-05-19,236.44,182.0,49900.759,-6868.68,-13.765
265,SBIN,Long Closed,2011-07-18,247.34,2011-08-18,218.4,202.0,49962.679,-5845.88,-11.7
266,SBIN,Long Closed,2012-01-25,205.52,2012-04-11,212.51,243.0,49942.574,1698.57,3.401
267,SBIN,Long Closed,2012-06-18,221.6,2012-08-03,199.1,225.0,49860.001,-5062.5,-10.153
268,SBIN,Long Closed,2012-09-28,226.94,2012-11-23,211.0,220.0,49926.801,-3506.8,-7.024
269,SBIN,Long Closed,2012-12-19,238.5,2013-02-15,220.7,209.0,49846.5,-3720.2,-7.463
270,SBIN,Long Closed,2013-05-03,228.5,2013-06-12,202.9,218.0,49813.0,-5580.8,-11.204
271,SBIN,Long Closed,2013-10-03,164.3,2014-01-07,169.29,304.0,49947.201,1516.96,3.037
272,SBIN,Long Closed,2014-03-20,170.6,2014-07-23,254.2,293.0,49985.802,24494.8,49.004
273,SBIN,Long Closed,2014-09-16,262.9,2014-10-20,257.7,190.0,49950.999,-988.0,-1.978
274,SBIN,Long Closed,2014-10-31,265.2,2015-02-13,288.0,188.0,49857.602,4286.4,8.597
275,SBIN,Long Closed,2015-05-29,278.65,2015-06-11,262.25,179.0,49878.349,-2935.6,-5.886
276,SBIN,Long Closed,2015-07-27,263.2,2015-09-02,242.65,189.0,49744.802,-3883.95,-7.808
277,SBIN,Long Closed,2015-10-29,241.5,2015-11-27,243.0,207.0,49990.5,310.5,0.621
278,SBIN,Long Closed,2015-12-09,235.4,2015-12-10,236.0,212.0,49904.799,127.2,0.255
279,SBIN,Long Closed,2016-03-23,196.9,2016-05-19,181.0,253.0,49815.698,-4022.7,-8.075
280,SBIN,Long Closed,2016-06-13,201.5,2016-11-10,267.0,248.0,49972.0,16244.0,32.506
281,SBIN,Long Closed,2016-11-11,278.75,2016-12-19,263.35,179.0,49896.25,-2756.6,-5.525
282,SBIN,Long Closed,2017-02-03,273.0,2017-06-14,285.9,183.0,49959.0,2360.7,4.725
283,SBIN,Long Closed,2017-07-31,299.4,2017-09-01,277.65,167.0,49999.799,-3632.25,-7.265
284,SBIN,Long Closed,2017-11-02,320.0,2018-01-01,310.6,156.0,49920.0,-1466.4,-2.938
285,SBIN,Long Closed,2018-05-28,267.4,2018-07-17,250.7,186.0,49736.399,-3106.2,-6.245
286,SBIN,Long Closed,2018-08-03,294.6,2018-09-27,264.5,169.0,49787.401,-5086.9,-10.217
287,SBIN,Long Closed,2018-11-20,285.9,2019-02-08,285.6,174.0,49746.599,-52.2,-0.105
288,SBIN,Long Closed,2019-03-27,305.25,2019-08-02,315.55,163.0,49755.75,1678.9,3.374
289,SBIN,Long Closed,2019-11-07,318.25,2020-01-21,313.8,157.0,49965.25,-698.65,-1.398
290,SBIN,Long Closed,2020-06-24,194.8,2020-09-30,185.05,256.0,49868.801,-2496.0,-5.005
291,SBIN,Long Closed,2020-11-06,219.0,2021-04-08,361.0,228.0,49932.0,32376.0,64.84
292,SBIN,Long Closed,2021-05-24,417.0,2021-09-01,427.5,119.0,49623.0,1249.5,2.518
293,SBIN,Long Closed,2021-09-21,440.15,2021-12-09,492.3,113.0,49736.949,5892.95,11.848
294,SBIN,Long Closed,2022-01-20,516.0,2022-03-09,442.0,96.0,49536.0,-7104.0,-14.341
295,SBIN,Long Closed,2022-04-18,512.0,2022-05-17,458.3,97.0,49664.0,-5208.9,-10.488
296,SBIN,Long Closed,2022-07-14,486.6,2022-10-21,557.25,102.0,49633.201,7206.3,14.519
297,SBIN,Long Closed,2022-10-28,579.95,2023-01-12,597.9,86.0,49875.701,1543.7,3.095
298,SBIN,Long Closed,2023-04-28,567.8,2023-07-03,574.5,88.0,49966.399,589.6,1.18
299,SBIN,Long Closed,2023-07-20,601.4,2023-08-25,573.8,83.0,49916.202,-2290.8,-4.589
300,SBIN,Long Closed,2023-09-29,592.85,2023-10-27,550.0,84.0,49799.398,-3599.4,-7.228
301,HDFCBANK,Long Closed,1996-02-16,3.68,1996-03-28,3.1,13568.0,49998.079,-7869.44,-15.739
302,HDFCBANK,Long Closed,1996-04-17,3.38,1996-05-31,3.41,14814.0,49997.25,444.42,0.889
303,HDFCBANK,Long Closed,1996-06-20,3.75,1996-08-07,3.7,13333.0,49998.75,-666.65,-1.333
304,HDFCBANK,Long Closed,1996-09-18,3.72,1996-10-11,3.55,13422.0,49996.949,-2281.74,-4.564
305,HDFCBANK,Long Closed,1996-11-06,3.8,1997-09-04,7.0,13175.0,49999.126,42160.0,84.321
306,HDFCBANK,Long Closed,1997-10-15,7.12,1997-12-01,7.01,7022.0,49996.639,-772.42,-1.545
307,HDFCBANK,Long Closed,1998-01-02,8.15,1998-02-06,6.7,6134.0,49992.098,-8894.3,-17.791
308,HDFCBANK,Long Closed,1998-03-23,7.49,1998-05-25,7.14,6671.0,49999.144,-2334.85,-4.67
309,HDFCBANK,Long Closed,1998-08-04,6.2,1998-08-18,6.09,8064.0,49996.798,-887.04,-1.774
310,HDFCBANK,Long Closed,1998-09-23,6.99,1998-10-21,5.14,7147.0,49993.264,-13221.95,-26.447
311,HDFCBANK,Long Closed,1999-01-04,5.51,1999-02-15,5.24,9074.0,49997.742,-2449.98,-4.9
312,HDFCBANK,Long Closed,1999-03-24,6.0,1999-11-15,9.3,8333.0,49998.0,27498.9,55.0
313,HDFCBANK,Long Closed,1999-12-03,14.0,2000-04-17,22.5,3571.0,49994.0,30353.5,60.714
314,HDFCBANK,Long Closed,2000-05-17,26.0,2000-06-16,24.3,1923.0,49998.0,-3269.1,-6.538
315,HDFCBANK,Long Closed,2000-06-27,25.5,2000-08-07,24.81,1960.0,49980.0,-1352.4,-2.706
316,HDFCBANK,Long Closed,2000-10-23,24.5,2000-11-30,22.39,2040.0,49980.0,-4304.4,-8.612
317,HDFCBANK,Long Closed,2001-01-17,24.9,2001-03-20,23.41,2008.0,49999.199,-2991.92,-5.984
318,HDFCBANK,Long Closed,2001-05-11,23.8,2001-06-12,23.1,2100.0,49979.998,-1470.0,-2.941
319,HDFCBANK,Long Closed,2001-08-03,23.49,2001-09-19,20.63,2128.0,49986.72,-6086.08,-12.175
320,HDFCBANK,Long Closed,2001-11-02,22.0,2002-01-11,22.59,2272.0,49984.0,1340.48,2.682
321,HDFCBANK,Long Closed,2002-01-16,24.8,2002-04-11,22.62,2016.0,49996.798,-4394.88,-8.79
322,HDFCBANK,Long Closed,2002-06-21,21.85,2002-06-26,21.5,2287.0,49982.384,-800.45,-1.601
323,HDFCBANK,Long Closed,2002-09-16,21.28,2002-10-18,20.27,2349.0,49986.722,-2372.49,-4.746
324,HDFCBANK,Long Closed,2002-12-18,21.6,2003-03-28,22.89,2314.0,49982.401,2985.06,5.972
325,HDFCBANK,Long Closed,2003-05-01,24.7,2003-10-02,28.33,2024.0,49992.802,7347.12,14.696
326,HDFCBANK,Long Closed,2003-10-07,32.0,2004-02-18,37.62,1562.0,49984.0,8778.44,17.562
327,HDFCBANK,Long Closed,2004-03-01,37.69,2004-04-02,38.7,1326.0,49976.938,1339.26,2.68
328,HDFCBANK,Long Closed,2004-04-16,38.39,2004-05-18,28.0,1302.0,49983.779,-13527.78,-27.064
329,HDFCBANK,Long Closed,2004-07-01,37.0,2004-08-23,36.1,1351.0,49987.0,-1215.9,-2.432
330,HDFCBANK,Long Closed,2004-09-07,37.98,2005-04-07,56.0,1316.0,49981.679,23714.32,47.446
331,HDFCBANK,Long Closed,2005-06-09,58.8,2005-09-06,64.1,850.0,49979.999,4505.0,9.014
332,HDFCBANK,Long Closed,2005-09-21,73.03,2005-10-28,62.2,684.0,49952.519,-7407.72,-14.83
333,HDFCBANK,Long Closed,2005-12-05,70.0,2006-06-05,76.3,714.0,49980.0,4498.2,9.0
334,HDFCBANK,Long Closed,2006-07-21,71.5,2007-01-05,105.47,699.0,49978.5,23745.03,47.51
335,HDFCBANK,Long Closed,2007-02-08,110.99,2007-03-01,96.0,450.0,49945.499,-6745.5,-13.506
336,HDFCBANK,Long Closed,2007-04-27,98.53,2007-08-24,109.87,507.0,49952.176,5749.38,11.51
337,HDFCBANK,Long Closed,2007-09-19,127.1,2008-01-25,154.4,393.0,49950.299,10728.9,21.479
338,HDFCBANK,Long Closed,2008-05-05,154.0,2008-06-05,122.0,324.0,49896.0,-10368.0,-20.779
339,HDFCBANK,Long Closed,2008-08-12,131.2,2008-10-14,122.5,381.0,49987.199,-3314.7,-6.631
340,HDFCBANK,Long Closed,2009-01-06,104.42,2009-02-05,89.5,478.0,49910.37,-7131.76,-14.289
341,HDFCBANK,Long Closed,2009-04-08,106.5,2009-07-27,145.7,469.0,49948.5,18384.8,36.808
342,HDFCBANK,Long Closed,2009-09-07,146.01,2010-01-08,171.2,342.0,49933.712,8614.98,17.253
343,HDFCBANK,Long Closed,2010-03-10,181.2,2010-05-27,181.5,275.0,49829.999,82.5,0.166
344,HDFCBANK,Long Closed,2010-06-24,199.71,2010-11-10,240.0,250.0,49926.25,10072.5,20.175
345,HDFCBANK,Long Closed,2011-03-14,217.2,2011-05-24,225.4,230.0,49955.999,1886.0,3.775
346,HDFCBANK,Long Closed,2011-06-14,237.8,2011-08-17,228.02,210.0,49938.001,-2053.8,-4.113
347,HDFCBANK,Long Closed,2011-10-31,241.5,2011-11-25,213.88,207.0,49990.5,-5717.34,-11.437
348,HDFCBANK,Long Closed,2012-01-19,243.0,2012-04-16,264.45,205.0,49815.0,4397.25,8.827
349,HDFCBANK,Long Closed,2012-04-18,266.5,2012-05-23,245.0,187.0,49835.5,-4020.5,-8.068
350,HDFCBANK,Long Closed,2012-06-25,272.7,2013-01-22,329.25,183.0,49904.102,10348.65,20.737
351,HDFCBANK,Long Closed,2013-04-29,344.12,2013-06-21,318.4,145.0,49898.125,-3729.4,-7.474
352,HDFCBANK,Long Closed,2013-09-30,303.0,2014-01-14,334.52,165.0,49995.0,5200.8,10.403
353,HDFCBANK,Long Closed,2014-01-16,342.2,2014-01-29,323.75,146.0,49961.202,-2693.7,-5.392
354,HDFCBANK,Long Closed,2014-03-10,353.25,2014-08-11,400.5,141.0,49808.25,6662.25,13.376
355,HDFCBANK,Long Closed,2014-09-05,426.0,2015-03-31,519.95,117.0,49842.0,10992.15,22.054
356,HDFCBANK,Long Closed,2015-06-09,502.5,2015-08-27,512.5,99.0,49747.5,990.0,1.99
357,HDFCBANK,Long Closed,2015-10-14,534.4,2015-12-02,545.0,93.0,49699.202,985.8,1.984
358,HDFCBANK,Long Closed,2016-01-13,526.0,2016-01-19,513.6,95.0,49970.0,-1178.0,-2.357
359,HDFCBANK,Long Closed,2016-03-30,529.0,2016-10-27,619.5,94.0,49726.0,8507.0,17.108
360,HDFCBANK,Long Closed,2017-01-19,622.45,2017-11-20,914.5,80.0,49796.001,23364.0,46.919
361,HDFCBANK,Long Closed,2017-11-27,924.5,2018-03-01,939.65,54.0,49923.0,818.1,1.639
362,HDFCBANK,Long Closed,2018-04-16,960.0,2018-08-28,1044.0,52.0,49920.0,4368.0,8.75
363,HDFCBANK,Long Closed,2018-11-30,1065.0,2019-02-05,1054.0,46.0,48990.0,-506.0,-1.033
364,HDFCBANK,Long Closed,2019-03-13,1087.5,2019-07-25,1142.5,45.0,48937.5,2475.0,5.057
365,HDFCBANK,Long Closed,2019-09-25,1249.9,2020-01-27,1235.0,40.0,49996.001,-596.0,-1.192
366,HDFCBANK,Long Closed,2020-05-29,944.0,2020-08-20,1054.95,52.0,49088.0,5769.4,11.753
367,HDFCBANK,Long Closed,2020-09-03,1137.25,2020-10-05,1112.0,43.0,48901.75,-1085.75,-2.22
368,HDFCBANK,Long Closed,2020-10-08,1180.0,2021-03-30,1506.65,42.0,49560.0,13719.3,27.682
369,HDFCBANK,Long Closed,2021-06-02,1510.0,2021-07-28,1435.05,33.0,49830.0,-2473.35,-4.964
370,HDFCBANK,Long Closed,2021-08-26,1550.0,2021-11-22,1546.0,32.0,49600.0,-128.0,-0.258
371,HDFCBANK,Long Closed,2022-01-21,1500.0,2022-02-15,1476.0,33.0,49500.0,-792.0,-1.6
372,HDFCBANK,Long Closed,2022-02-24,1449.9,2022-02-25,1439.95,34.0,49296.601,-338.3,-0.686
373,HDFCBANK,Long Closed,2022-04-07,1541.3,2022-05-05,1375.0,32.0,49321.602,-5321.6,-10.79
374,HDFCBANK,Long Closed,2022-06-27,1370.0,2022-06-29,1331.25,36.0,49320.0,-1395.0,-2.828
375,HDFCBANK,Long Closed,2022-07-13,1390.0,2022-10-11,1401.1,35.0,48650.0,388.5,0.799
376,HDFCBANK,Long Closed,2022-11-11,1545.0,2023-01-18,1605.0,32.0,49440.0,1920.0,3.883
377,HDFCBANK,Long Closed,2023-01-25,1691.4,2023-01-31,1619.7,29.0,49050.601,-2079.3,-4.239
378,HDFCBANK,Long Closed,2023-02-07,1659.4,2023-03-14,1570.25,30.0,49782.001,-2674.5,-5.372
379,HDFCBANK,Long Closed,2023-04-21,1669.0,2023-06-02,1612.45,29.0,48401.0,-1639.95,-3.388
380,HDFCBANK,Long Closed,2023-07-10,1661.0,2023-08-21,1600.5,30.0,49830.0,-1815.0,-3.642
381,HDFCBANK,Long Closed,2023-12-06,1638.45,2024-01-30,1454.55,30.0,49153.499,-5517.0,-11.224
382,HDFCBANK,Long Closed,2024-04-03,1472.1,2024-05-30,1499.2,33.0,48579.299,894.3,1.841
383,TITAN,Long Closed,1996-02-15,6.67,1996-03-28,5.6,7499.0,49999.583,-8023.93,-16.048
384,TITAN,Long Closed,1996-04-30,6.0,1996-05-21,5.35,8333.0,49998.0,-5416.45,-10.833
385,TITAN,Long Closed,1996-06-26,5.75,1996-08-21,6.0,8695.0,49996.25,2173.75,4.348
386,TITAN,Long Closed,1997-01-14,4.43,1997-02-04,3.55,11299.0,49998.077,-9943.12,-19.887
387,TITAN,Long Closed,1997-05-15,3.65,1997-09-30,3.7,13698.0,49997.701,684.9,1.37
388,TITAN,Long Closed,1998-04-06,2.88,1998-05-20,3.08,17391.0,49999.125,3478.2,6.957
389,TITAN,Long Closed,1998-09-17,2.35,1998-11-25,2.52,21276.0,49998.598,3616.92,7.234
390,TITAN,Long Closed,1998-12-15,3.01,1999-02-17,4.47,16597.0,49998.463,24231.62,48.465
391,TITAN,Long Closed,1999-03-26,4.16,1999-04-13,3.18,12012.0,49999.949,-11771.76,-23.544
392,TITAN,Long Closed,1999-05-26,3.98,1999-08-26,4.8,12570.0,49997.175,10307.4,20.616
393,TITAN,Long Closed,1999-09-22,5.25,1999-11-15,5.07,9523.0,49995.75,-1714.14,-3.429
394,TITAN,Long Closed,1999-11-26,6.18,2000-02-01,6.55,8097.0,49998.977,2995.89,5.992
395,TITAN,Long Closed,2000-06-23,3.5,2000-07-27,3.25,14295.0,49996.762,-3573.75,-7.148
396,TITAN,Long Closed,2000-11-14,2.75,2001-03-12,2.55,18181.0,49997.75,-3636.2,-7.273
397,TITAN,Long Closed,2001-05-23,2.9,2001-07-02,2.2,17241.0,49998.902,-12068.7,-24.138
398,TITAN,Long Closed,2001-11-07,1.95,2002-01-08,1.85,25673.0,49998.167,-2567.3,-5.135
399,TITAN,Long Closed,2002-02-14,2.4,2002-05-30,3.0,20833.0,49999.202,12499.8,25.0
400,TITAN,Long Closed,2002-06-14,3.99,2002-08-05,3.35,12515.0,49997.424,-8009.6,-16.02
401,TITAN,Long Closed,2002-11-21,3.19,2003-01-28,2.97,15686.0,49999.125,-3450.92,-6.902
402,TITAN,Long Closed,2003-05-05,2.81,2003-08-06,3.2,17793.0,49998.329,6939.27,13.879
403,TITAN,Long Closed,2003-08-15,3.75,2004-01-30,5.83,13326.0,49999.153,27718.08,55.437
404,TITAN,Long Closed,2004-03-19,5.06,2004-03-29,5.12,9875.0,49997.127,592.5,1.185
405,TITAN,Long Closed,2004-04-14,5.55,2004-05-19,4.62,9005.0,49995.76,-8374.65,-16.751
406,TITAN,Long Closed,2004-07-12,5.11,2005-01-28,8.31,9785.0,49996.457,31312.0,62.628
407,TITAN,Long Closed,2005-02-14,10.92,2005-09-13,23.5,4578.0,49989.473,57591.24,115.207
408,TITAN,Long Closed,2005-10-14,23.65,2005-10-20,21.41,2114.0,49993.986,-4735.36,-9.472
409,TITAN,Long Closed,2005-11-17,28.95,2006-02-02,33.97,1726.0,49973.742,8664.52,17.338
410,TITAN,Long Closed,2006-03-02,39.79,2006-04-25,38.75,1256.0,49982.518,-1306.24,-2.613
411,TITAN,Long Closed,2006-08-10,35.95,2006-11-08,38.55,1390.0,49970.501,3614.0,7.232
412,TITAN,Long Closed,2007-01-02,43.25,2007-03-12,41.0,1156.0,49997.0,-2601.0,-5.202
413,TITAN,Long Closed,2007-04-20,50.94,2007-08-13,57.89,981.0,49967.236,6817.95,13.645
414,TITAN,Long Closed,2007-09-13,71.5,2007-12-03,76.75,699.0,49978.5,3669.75,7.343
415,TITAN,Long Closed,2008-01-16,76.25,2008-01-24,62.24,655.0,49940.477,-9176.55,-18.375
416,TITAN,Long Closed,2008-04-24,57.5,2008-06-18,55.5,869.0,49965.329,-1738.0,-3.478
417,TITAN,Long Closed,2008-08-06,64.68,2008-09-30,54.27,773.0,49997.64,-8046.93,-16.095
418,TITAN,Long Closed,2009-01-05,48.03,2009-02-06,39.75,1041.0,49999.229,-8619.48,-17.239
419,TITAN,Long Closed,2009-04-21,39.81,2009-08-26,61.0,1255.0,49967.823,26593.45,53.221
420,TITAN,Long Closed,2009-09-09,64.75,2009-12-16,64.3,772.0,49983.142,-347.4,-0.695
421,TITAN,Long Closed,2009-12-29,71.5,2010-12-23,170.37,699.0,49978.5,69110.13,138.28
422,TITAN,Long Closed,2011-03-21,173.5,2011-08-17,209.05,288.0,49968.0,10238.4,20.49
423,TITAN,Long Closed,2011-09-28,214.0,2011-10-10,210.0,233.0,49862.0,-932.0,-1.869
424,TITAN,Long Closed,2011-10-14,215.0,2011-10-21,218.0,232.0,49880.0,696.0,1.395
425,TITAN,Long Closed,2011-11-01,214.1,2011-11-21,203.0,233.0,49885.301,-2586.3,-5.184
426,TITAN,Long Closed,2012-01-27,199.35,2012-05-24,224.25,250.0,49837.502,6225.0,12.491
427,TITAN,Long Closed,2012-05-28,224.0,2012-05-31,222.4,223.0,49952.0,-356.8,-0.714
428,TITAN,Long Closed,2012-07-20,228.5,2012-08-29,221.0,218.0,49813.0,-1635.0,-3.282
429,TITAN,Long Closed,2012-09-17,243.95,2013-01-04,283.0,204.0,49765.799,7966.2,16.007
430,TITAN,Long Closed,2013-04-30,274.7,2013-06-19,221.65,182.0,49995.402,-9655.1,-19.312
431,TITAN,Long Closed,2013-08-01,266.0,2013-09-03,232.05,187.0,49742.0,-6348.65,-12.763
432,TITAN,Long Closed,2013-10-21,242.4,2013-11-29,227.4,206.0,49934.399,-3090.0,-6.188
433,TITAN,Long Closed,2014-02-21,235.2,2014-11-17,371.15,212.0,49862.399,28821.4,57.802
434,TITAN,Long Closed,2015-01-16,380.0,2015-03-24,391.05,131.0,49780.0,1447.55,2.908
435,TITAN,Long Closed,2015-10-15,350.2,2016-01-01,347.15,142.0,49728.402,-433.1,-0.871
436,TITAN,Long Closed,2016-02-16,362.95,2016-02-29,331.75,137.0,49724.152,-4274.4,-8.596
437,TITAN,Long Closed,2016-04-21,379.95,2016-09-02,415.8,131.0,49773.452,4696.35,9.435
438,TITAN,Long Closed,2016-09-15,417.9,2016-10-06,406.5,119.0,49730.099,-1356.6,-2.728
439,TITAN,Long Closed,2017-01-12,360.95,2017-10-13,625.0,138.0,49811.102,36438.9,73.154
440,TITAN,Long Closed,2017-11-06,725.7,2018-02-15,822.7,68.0,49347.601,6596.0,13.366
441,TITAN,Long Closed,2018-03-28,938.2,2018-05-30,906.0,53.0,49724.601,-1706.6,-3.432
442,TITAN,Long Closed,2018-08-09,934.8,2018-09-19,812.5,53.0,49544.399,-6481.9,-13.083
443,TITAN,Long Closed,2018-11-14,897.05,2019-07-19,1090.0,55.0,49337.749,10612.25,21.509
444,TITAN,Long Closed,2019-09-19,1164.0,2019-11-25,1149.9,42.0,48888.0,-592.2,-1.211
445,TITAN,Long Closed,2020-01-16,1184.85,2020-03-19,879.95,42.0,49763.699,-12805.8,-25.733
446,TITAN,Long Closed,2020-06-15,979.95,2021-02-17,1469.4,51.0,49977.451,24961.95,49.946
447,TITAN,Long Closed,2021-04-01,1560.0,2021-05-12,1431.0,32.0,49920.0,-4128.0,-8.269
448,TITAN,Long Closed,2021-06-03,1601.0,2021-12-14,2342.7,31.0,49631.0,22992.7,46.327
449,TITAN,Long Closed,2022-01-12,2641.0,2022-02-17,2509.5,18.0,47538.0,-2367.0,-4.979
450,TITAN,Long Closed,2022-03-22,2716.25,2022-04-26,2460.0,18.0,48892.5,-4612.5,-9.434
451,TITAN,Long Closed,2022-07-26,2334.95,2022-12-01,2662.0,21.0,49033.949,6868.05,14.007
452,TITAN,Long Closed,2023-03-29,2500.3,2023-08-14,3020.35,19.0,47505.701,9880.95,20.8
453,TITAN,Long Closed,2023-09-04,3116.95,2023-11-17,3339.0,16.0,49871.199,3552.8,7.124
454,TITAN,Long Closed,2023-11-23,3433.9,2024-02-19,3671.95,14.0,48074.599,3332.7,6.932
455,TITAN,Long Closed,2024-03-18,3619.0,2024-03-19,3579.0,13.0,47047.0,-520.0,-1.105
456,TITAN,Long Closed,2024-03-28,3760.0,2024-04-30,3602.65,13.0,48880.0,-2045.55,-4.185
457,HEROMOTOCO,Long Closed,2002-11-27,287.05,2003-01-15,246.0,174.0,49946.698,-7142.7,-14.301
458,HEROMOTOCO,Long Closed,2003-05-20,225.9,2004-04-01,475.0,221.0,49923.899,55051.1,110.27
459,HEROMOTOCO,Long Closed,2004-04-22,502.0,2004-05-12,460.05,99.0,49698.0,-4153.05,-8.357
460,HEROMOTOCO,Long Closed,2004-06-28,488.0,2004-07-29,428.5,102.0,49776.0,-6069.0,-12.193
461,HEROMOTOCO,Long Closed,2004-09-17,459.0,2004-10-14,427.9,108.0,49572.0,-3358.8,-6.776
462,HEROMOTOCO,Long Closed,2004-11-26,473.0,2005-02-14,554.0,105.0,49665.0,8505.0,17.125
463,HEROMOTOCO,Long Closed,2005-03-14,566.0,2005-04-12,529.75,88.0,49808.0,-3190.0,-6.405
464,HEROMOTOCO,Long Closed,2005-05-23,567.85,2006-04-17,849.4,88.0,49970.798,24776.4,49.582
465,HEROMOTOCO,Long Closed,2006-09-13,771.25,2006-11-09,716.9,64.0,49360.0,-3478.4,-7.047
466,HEROMOTOCO,Long Closed,2006-12-19,742.0,2007-01-31,716.0,67.0,49714.0,-1742.0,-3.504
467,HEROMOTOCO,Long Closed,2007-05-11,685.55,2007-07-02,683.1,72.0,49359.599,-176.4,-0.357
468,HEROMOTOCO,Long Closed,2007-07-25,692.1,2007-08-03,659.85,72.0,49831.198,-2322.0,-4.66
469,HEROMOTOCO,Long Closed,2007-09-25,761.0,2007-11-15,686.0,65.0,49465.0,-4875.0,-9.855
470,HEROMOTOCO,Long Closed,2008-01-08,714.9,2008-01-17,701.0,69.0,49328.102,-959.1,-1.944
471,HEROMOTOCO,Long Closed,2008-02-20,718.0,2008-04-07,762.0,69.0,49542.0,3036.0,6.128
472,HEROMOTOCO,Long Closed,2008-04-24,760.0,2008-06-17,766.0,65.0,49400.0,390.0,0.789
473,HEROMOTOCO,Long Closed,2008-08-08,822.0,2008-10-29,755.0,60.0,49320.0,-4020.0,-8.151
474,HEROMOTOCO,Long Closed,2008-12-22,821.0,2009-08-27,1494.0,60.0,49260.0,40380.0,81.973
475,HEROMOTOCO,Long Closed,2009-09-17,1685.0,2009-11-09,1515.0,29.0,48865.0,-4930.0,-10.089
476,HEROMOTOCO,Long Closed,2009-12-03,1709.0,2010-01-27,1609.8,29.0,49561.0,-2876.8,-5.805
477,HEROMOTOCO,Long Closed,2010-03-03,1810.0,2010-05-11,1915.0,27.0,48870.0,2835.0,5.801
478,HEROMOTOCO,Long Closed,2010-06-15,2010.0,2010-07-29,1852.0,24.0,48240.0,-3792.0,-7.861
479,HEROMOTOCO,Long Closed,2010-10-13,1878.45,2010-12-20,1770.0,26.0,48839.699,-2819.7,-5.773
480,HEROMOTOCO,Long Closed,2011-01-06,1918.55,2011-01-27,1795.0,26.0,49882.301,-3212.3,-6.44
481,HEROMOTOCO,Long Closed,2011-04-07,1680.0,2011-08-08,1745.0,29.0,48720.0,1885.0,3.869
482,HEROMOTOCO,Long Closed,2011-08-17,1890.5,2011-10-19,2060.0,26.0,49153.0,4407.0,8.966
483,HEROMOTOCO,Long Closed,2011-11-15,2205.0,2011-12-19,1906.0,22.0,48510.0,-6578.0,-13.56
484,HEROMOTOCO,Long Closed,2012-02-14,2012.1,2012-03-26,2023.85,24.0,48290.399,282.0,0.584
485,HEROMOTOCO,Long Closed,2012-04-09,2000.0,2012-05-22,1877.0,25.0,50000.0,-3075.0,-6.15
486,HEROMOTOCO,Long Closed,2012-06-29,2097.0,2012-08-13,1912.0,23.0,48231.0,-4255.0,-8.822
487,HEROMOTOCO,Long Closed,2012-11-09,1920.95,2012-12-06,1828.0,26.0,49944.699,-2416.7,-4.839
488,HEROMOTOCO,Long Closed,2012-12-24,1910.0,2013-01-24,1779.0,26.0,49660.0,-3406.0,-6.859
489,HEROMOTOCO,Long Closed,2013-05-16,1702.25,2013-06-28,1640.0,29.0,49365.25,-1805.25,-3.657
490,HEROMOTOCO,Long Closed,2013-07-22,1774.8,2013-12-05,2051.0,28.0,49694.401,7733.6,15.562
491,HEROMOTOCO,Long Closed,2013-12-13,2120.1,2013-12-18,2074.9,23.0,48762.302,-1039.6,-2.132
492,HEROMOTOCO,Long Closed,2013-12-19,2126.0,2014-01-24,2049.0,23.0,48898.0,-1771.0,-3.622
493,HEROMOTOCO,Long Closed,2014-03-24,2066.2,2014-07-31,2581.2,24.0,49588.799,12360.0,24.925
494,HEROMOTOCO,Long Closed,2014-08-21,2532.0,2015-01-14,2909.0,19.0,48108.0,7163.0,14.889
495,HEROMOTOCO,Long Closed,2015-06-02,2692.25,2015-08-31,2380.0,18.0,48460.5,-5620.5,-11.598
496,HEROMOTOCO,Long Closed,2015-10-21,2658.9,2016-01-18,2438.0,18.0,47860.198,-3976.2,-8.308
497,HEROMOTOCO,Long Closed,2016-03-02,2715.0,2016-05-24,2884.7,18.0,48870.0,3054.6,6.25
498,HEROMOTOCO,Long Closed,2016-06-01,3123.7,2016-10-25,3337.0,16.0,49979.199,3412.8,6.828
499,HEROMOTOCO,Long Closed,2017-02-03,3228.0,2017-04-25,3233.0,15.0,48420.0,75.0,0.155
500,HEROMOTOCO,Long Closed,2017-05-09,3419.95,2017-07-31,3629.9,14.0,47879.299,2939.3,6.139
501,HEROMOTOCO,Long Closed,2017-08-08,3957.0,2017-10-05,3796.0,12.0,47484.0,-1932.0,-4.069
502,HEROMOTOCO,Long Closed,2018-01-08,3773.0,2018-02-07,3618.9,13.0,49049.0,-2003.3,-4.084
503,HEROMOTOCO,Long Closed,2018-04-09,3784.0,2018-05-23,3494.5,13.0,49192.0,-3763.5,-7.651
504,HEROMOTOCO,Long Closed,2018-06-29,3520.5,2018-07-02,3480.0,14.0,49287.0,-567.0,-1.15
505,HEROMOTOCO,Long Closed,2018-11-30,3025.0,2019-01-21,2901.0,16.0,48400.0,-1984.0,-4.099
506,HEROMOTOCO,Long Closed,2019-05-31,2737.7,2019-07-08,2499.0,18.0,49278.599,-4296.6,-8.719
507,HEROMOTOCO,Long Closed,2019-08-28,2597.75,2019-10-31,2695.0,19.0,49357.25,1847.75,3.744
508,HEROMOTOCO,Long Closed,2020-01-29,2484.0,2020-02-25,2190.2,20.0,49680.0,-5876.0,-11.828
509,HEROMOTOCO,Long Closed,2020-05-08,2040.0,2020-11-11,2980.0,24.0,48960.0,22560.0,46.078
510,HEROMOTOCO,Long Closed,2020-12-14,3214.0,2021-03-22,3131.6,15.0,48210.0,-1236.0,-2.564
511,HEROMOTOCO,Long Closed,2021-06-04,3005.0,2021-07-13,2919.0,16.0,48080.0,-1376.0,-2.862
512,HEROMOTOCO,Long Closed,2021-09-24,2850.0,2021-11-02,2695.0,17.0,48450.0,-2635.0,-5.439
513,HEROMOTOCO,Long Closed,2022-01-21,2703.7,2022-03-09,2266.0,18.0,48666.599,-7878.6,-16.189
514,HEROMOTOCO,Long Closed,2022-05-10,2485.0,2022-09-27,2735.0,20.0,49700.0,5000.0,10.06
515,HEROMOTOCO,Long Closed,2022-11-23,2691.0,2023-01-12,2690.0,18.0,48438.0,-18.0,-0.037
516,HEROMOTOCO,Long Closed,2023-05-02,2539.95,2023-08-29,2948.0,19.0,48259.049,7752.95,16.065
517,HEROMOTOCO,Long Closed,2023-10-05,3020.0,2024-03-21,4527.8,16.0,48320.0,24124.8,49.927
518,TATAMOTORS,Long Closed,1991-03-08,21.11,1991-10-17,38.33,2368.0,49986.842,40776.96,81.575
519,TATAMOTORS,Long Closed,1991-11-06,39.97,1991-11-27,32.94,1250.0,49966.183,-8787.5,-17.587
520,TATAMOTORS,Long Closed,1992-01-20,34.73,1992-05-22,51.5,1439.0,49980.855,24132.03,48.283
521,TATAMOTORS,Long Closed,1992-09-16,44.61,1992-10-29,38.33,1120.0,49967.678,-7033.6,-14.076
522,TATAMOTORS,Long Closed,1993-01-15,28.74,1993-01-25,28.74,1739.0,49986.84,0.0,0.0
523,TATAMOTORS,Long Closed,1993-02-19,31.14,1993-03-29,29.34,1605.0,49979.656,-2889.0,-5.78
524,TATAMOTORS,Long Closed,1993-06-22,23.35,1994-04-08,56.89,2140.0,49979.654,71775.6,143.61
525,TATAMOTORS,Long Closed,1994-05-17,62.28,1994-07-11,56.89,802.0,49948.516,-4322.78,-8.654
526,TATAMOTORS,Long Closed,1994-08-23,60.18,1994-11-02,64.38,830.0,49952.709,3486.0,6.979
527,TATAMOTORS,Long Closed,1995-04-24,58.84,1995-11-15,70.14,849.0,49952.258,9593.7,19.206
528,TATAMOTORS,Long Closed,1996-01-10,70.19,1996-02-01,70.47,712.0,49978.335,199.36,0.399
529,TATAMOTORS,Long Closed,1996-02-07,74.58,1996-08-12,96.01,670.0,49970.36,14358.1,28.733
530,TATAMOTORS,Long Closed,1997-01-20,66.11,1997-02-11,61.23,756.0,49981.093,-3689.28,-7.381
531,TATAMOTORS,Long Closed,1997-03-06,76.65,1997-07-31,74.74,652.0,49977.258,-1245.32,-2.492
532,TATAMOTORS,Long Closed,1998-03-19,48.96,1998-05-15,52.51,1021.0,49989.81,3624.55,7.251
533,TATAMOTORS,Long Closed,1998-09-23,28.13,1998-10-16,21.63,1777.0,49989.445,-11550.5,-23.106
534,TATAMOTORS,Long Closed,1998-11-25,25.03,1999-03-02,33.78,1997.0,49978.832,17473.75,34.962
535,TATAMOTORS,Long Closed,1999-05-24,33.92,1999-10-07,49.25,1474.0,49996.042,22596.42,45.196
536,TATAMOTORS,Long Closed,2000-01-19,48.1,2000-02-07,34.13,1039.0,49975.153,-14514.83,-29.044
537,TATAMOTORS,Long Closed,2000-06-01,23.76,2000-06-05,23.36,2104.0,49995.656,-841.6,-1.683
538,TATAMOTORS,Long Closed,2000-07-05,24.66,2000-07-11,25.11,2027.0,49991.611,912.15,1.825
539,TATAMOTORS,Long Closed,2000-11-27,17.06,2001-03-15,14.08,2931.0,49988.564,-8734.38,-17.473
540,TATAMOTORS,Long Closed,2001-05-14,14.41,2001-06-25,11.63,3469.0,49990.443,-9643.82,-19.291
541,TATAMOTORS,Long Closed,2001-08-03,13.41,2001-09-19,12.82,3727.0,49994.502,-2198.93,-4.398
542,TATAMOTORS,Long Closed,2001-10-26,15.74,2002-03-27,22.66,3176.0,49998.03,21977.92,43.958
543,TATAMOTORS,Long Closed,2002-05-07,25.68,2002-06-10,26.7,1947.0,49996.038,1985.94,3.972
544,TATAMOTORS,Long Closed,2002-06-17,29.8,2002-08-06,24.92,1677.0,49972.181,-8183.76,-16.377
545,TATAMOTORS,Long Closed,2002-09-20,25.08,2002-10-08,25.58,1993.0,49993.301,996.5,1.993
546,TATAMOTORS,Long Closed,2002-10-24,26.3,2003-01-27,30.26,1901.0,49998.768,7527.96,15.056
547,TATAMOTORS,Long Closed,2003-02-28,31.7,2003-03-10,29.68,1577.0,49984.121,-3185.54,-6.373
548,TATAMOTORS,Long Closed,2003-04-14,30.83,2003-05-02,29.03,1621.0,49980.881,-2917.8,-5.838
549,TATAMOTORS,Long Closed,2003-05-26,32.78,2004-03-19,86.62,1525.0,49987.084,82106.0,164.254
550,TATAMOTORS,Long Closed,2004-04-27,97.73,2004-05-13,80.94,511.0,49940.85,-8579.69,-17.18
551,TATAMOTORS,Long Closed,2004-07-27,80.48,2004-09-02,75.46,621.0,49981.091,-3117.42,-6.237
552,TATAMOTORS,Long Closed,2004-10-05,81.54,2005-02-01,96.77,613.0,49983.296,9335.99,18.678
553,TATAMOTORS,Long Closed,2005-05-25,85.24,2005-06-23,81.54,586.0,49949.052,-2168.2,-4.341
554,TATAMOTORS,Long Closed,2005-07-18,89.03,2005-11-09,95.8,561.0,49946.715,3797.97,7.604
555,TATAMOTORS,Long Closed,2005-12-02,110.17,2006-05-25,146.09,453.0,49906.301,16271.76,32.605
556,TATAMOTORS,Long Closed,2006-08-18,160.97,2006-11-10,154.26,310.0,49900.606,-2080.1,-4.168
557,TATAMOTORS,Long Closed,2006-12-22,162.24,2007-02-22,164.8,308.0,49971.167,788.48,1.578
558,TATAMOTORS,Long Closed,2007-06-08,129.9,2007-06-11,129.56,384.0,49880.373,-130.56,-0.262
559,TATAMOTORS,Long Closed,2007-07-18,143.72,2007-08-20,126.48,347.0,49871.862,-5982.28,-11.995
560,TATAMOTORS,Long Closed,2007-09-24,143.68,2007-11-19,133.57,347.0,49858.562,-3508.17,-7.036
561,TATAMOTORS,Long Closed,2007-12-31,142.57,2008-01-31,135.87,350.0,49900.608,-2345.0,-4.699
562,TATAMOTORS,Long Closed,2008-05-16,126.09,2008-06-05,103.68,396.0,49932.802,-8874.36,-17.773
563,TATAMOTORS,Long Closed,2008-09-01,83.36,2008-09-29,70.3,599.0,49932.224,-7822.94,-15.667
564,TATAMOTORS,Long Closed,2009-01-06,35.61,2009-02-05,25.98,1404.0,49993.725,-13520.52,-27.044
565,TATAMOTORS,Long Closed,2009-03-23,32.65,2009-07-13,53.21,1531.0,49986.843,31477.36,62.971
566,TATAMOTORS,Long Closed,2009-08-05,87.26,2010-02-11,133.57,572.0,49915.012,26489.32,53.069
567,TATAMOTORS,Long Closed,2010-03-18,154.88,2010-05-27,139.92,322.0,49870.964,-4817.12,-9.659
568,TATAMOTORS,Long Closed,2010-07-07,151.67,2011-01-18,234.48,329.0,49900.469,27244.49,54.598
569,TATAMOTORS,Long Closed,2011-03-30,245.66,2011-05-20,227.8,203.0,49869.994,-3625.58,-7.27
570,TATAMOTORS,Long Closed,2011-10-14,172.15,2011-12-16,173.54,290.0,49924.512,403.1,0.807
571,TATAMOTORS,Long Closed,2012-01-09,199.71,2012-05-28,267.83,250.0,49926.983,17030.0,34.11
572,TATAMOTORS,Long Closed,2012-08-29,234.48,2012-11-26,259.22,213.0,49945.286,5269.62,10.551
573,TATAMOTORS,Long Closed,2012-12-03,270.1,2013-02-13,305.77,185.0,49969.032,6598.95,13.206
574,TATAMOTORS,Long Closed,2013-05-10,296.92,2013-06-28,272.28,168.0,49881.768,-4139.52,-8.299
575,TATAMOTORS,Long Closed,2013-08-16,314.13,2013-12-27,367.16,159.0,49946.773,8431.77,16.882
576,TATAMOTORS,Long Closed,2014-02-26,392.89,2014-10-28,500.33,127.0,49896.509,13644.88,27.346
577,TATAMOTORS,Long Closed,2014-11-17,514.48,2014-12-19,485.1,97.0,49904.724,-2849.86,-5.711
578,TATAMOTORS,Long Closed,2015-01-23,568.9,2015-03-25,529.82,87.0,49494.127,-3399.96,-6.869
579,TATAMOTORS,Long Closed,2015-10-26,386.45,2015-12-29,392.9,129.0,49852.052,832.05,1.669
580,TATAMOTORS,Long Closed,2016-03-21,367.25,2016-11-08,518.4,136.0,49946.0,20556.4,41.157
581,TATAMOTORS,Long Closed,2017-01-11,520.25,2017-02-27,464.0,96.0,49944.0,-5400.0,-10.812
582,TATAMOTORS,Long Closed,2017-06-07,462.55,2017-07-05,428.9,108.0,49955.399,-3634.2,-7.275
583,TATAMOTORS,Long Closed,2017-10-09,424.0,2017-12-05,404.55,117.0,49608.0,-2275.65,-4.587
584,TATAMOTORS,Long Closed,2018-01-10,438.0,2018-02-06,363.0,114.0,49932.0,-8550.0,-17.123
585,TATAMOTORS,Long Closed,2018-09-12,268.2,2018-10-01,225.0,186.0,49885.202,-8035.2,-16.107
586,TATAMOTORS,Long Closed,2019-01-18,185.65,2019-02-18,162.8,269.0,49939.848,-6146.65,-12.308
587,TATAMOTORS,Long Closed,2019-03-15,180.2,2019-05-23,182.85,277.0,49915.399,734.05,1.471
588,TATAMOTORS,Long Closed,2019-10-10,119.3,2020-02-14,172.0,419.0,49986.701,22081.3,44.174
589,TATAMOTORS,Long Closed,2020-05-21,83.1,2020-10-19,129.8,601.0,49943.099,28066.7,56.197
590,TATAMOTORS,Long Closed,2020-11-17,152.5,2021-04-06,306.15,327.0,49867.5,50243.55,100.754
591,TATAMOTORS,Long Closed,2021-05-25,315.55,2021-07-19,308.95,158.0,49856.898,-1042.8,-2.092
592,TATAMOTORS,Long Closed,2021-09-24,325.1,2021-12-21,452.1,153.0,49740.301,19431.0,39.065
593,TATAMOTORS,Long Closed,2022-01-19,510.0,2022-03-02,452.95,98.0,49980.0,-5590.9,-11.186
594,TATAMOTORS,Long Closed,2022-05-04,437.95,2022-05-10,400.0,114.0,49926.301,-4326.3,-8.665
595,TATAMOTORS,Long Closed,2022-07-19,446.75,2022-09-20,430.6,111.0,49589.25,-1792.65,-3.615
596,TATAMOTORS,Long Closed,2022-11-21,425.6,2022-12-27,390.0,117.0,49795.201,-4165.2,-8.365
597,TATAMOTORS,Long Closed,2023-02-02,446.75,2023-03-21,412.85,111.0,49589.25,-3762.9,-7.588
598,TATAMOTORS,Long Closed,2023-04-20,473.7,2023-09-04,615.6,105.0,49738.501,14899.5,29.956
599,TATAMOTORS,Long Closed,2023-09-28,622.9,2024-05-17,944.0,80.0,49832.002,25688.0,51.549
600,BPCL,Long Closed,1996-02-09,11.42,1996-06-17,15.0,4379.0,49993.581,15676.82,31.358
601,BPCL,Long Closed,1996-10-14,11.46,1996-12-12,11.25,4363.0,49992.707,-916.23,-1.833
602,BPCL,Long Closed,1997-01-02,11.84,1997-08-27,18.54,4224.0,49992.797,28300.8,56.61
603,BPCL,Long Closed,1997-10-15,18.88,1997-11-05,17.71,2649.0,49999.875,-3099.33,-6.199
604,BPCL,Long Closed,1998-01-15,16.46,1998-01-30,14.48,3037.0,49983.954,-6013.26,-12.03
605,BPCL,Long Closed,1998-03-19,15.41,1998-05-26,15.42,3243.0,49989.493,32.43,0.065
606,BPCL,Long Closed,1998-11-10,10.83,1998-12-15,10.11,4615.0,49995.832,-3322.8,-6.646
607,BPCL,Long Closed,1999-05-21,11.29,1999-08-12,9.41,4428.0,49999.497,-8324.64,-16.649
608,BPCL,Long Closed,1999-09-13,11.56,2000-01-25,14.58,4326.0,49992.336,13064.52,26.133
609,BPCL,Long Closed,2000-06-14,9.17,2000-07-25,7.75,5454.0,49994.997,-7744.68,-15.491
610,BPCL,Long Closed,2000-09-27,7.5,2000-10-09,6.41,6666.0,49995.0,-7265.94,-14.533
611,BPCL,Long Closed,2000-11-13,7.92,2001-04-04,15.08,6315.0,49993.746,45215.4,90.442
612,BPCL,Long Closed,2001-04-19,19.16,2001-06-08,14.4,2609.0,49994.963,-12418.84,-24.84
613,BPCL,Long Closed,2001-10-25,13.7,2002-04-26,23.35,3649.0,49991.299,35212.85,70.438
614,BPCL,Long Closed,2002-07-10,23.67,2002-09-04,22.3,2112.0,49983.999,-2893.44,-5.789
615,BPCL,Long Closed,2002-12-12,17.41,2003-02-07,16.83,2871.0,49991.289,-1665.18,-3.331
616,BPCL,Long Closed,2003-03-10,17.91,2003-08-06,22.5,2791.0,49982.157,12810.69,25.631
617,BPCL,Long Closed,2003-08-22,25.27,2003-11-04,29.17,1978.0,49993.949,7714.2,15.43
618,BPCL,Long Closed,2003-11-20,29.33,2004-02-25,37.75,1705.0,49999.126,14356.1,28.713
619,BPCL,Long Closed,2004-03-05,40.33,2004-03-12,38.58,1239.0,49972.998,-2168.25,-4.339
620,BPCL,Long Closed,2004-03-24,37.33,2004-04-02,41.25,1339.0,49989.332,5248.88,10.5
621,BPCL,Long Closed,2004-04-15,41.75,2004-05-13,27.92,1197.0,49974.75,-16554.51,-33.126
622,BPCL,Long Closed,2004-08-20,28.17,2004-10-29,29.5,1775.0,49995.832,2360.75,4.722
623,BPCL,Long Closed,2004-11-09,32.5,2005-02-01,35.58,1538.0,49985.0,4737.04,9.477
624,BPCL,Long Closed,2005-02-24,35.15,2005-03-04,34.15,1422.0,49983.302,-1422.0,-2.845
625,BPCL,Long Closed,2005-05-25,32.92,2005-06-30,30.48,1518.0,49967.496,-3703.92,-7.413
626,BPCL,Long Closed,2005-07-29,30.41,2005-08-29,30.84,1644.0,49991.299,706.92,1.414
627,BPCL,Long Closed,2005-10-11,34.42,2006-03-10,35.12,1452.0,49972.996,1016.4,2.034
628,BPCL,Long Closed,2006-04-18,37.92,2006-05-30,34.17,1318.0,49974.163,-4942.5,-9.89
629,BPCL,Long Closed,2006-08-29,30.05,2006-11-23,31.16,1664.0,49996.267,1847.04,3.694
630,BPCL,Long Closed,2007-01-24,29.67,2007-02-28,25.08,1685.0,49988.332,-7734.15,-15.472
631,BPCL,Long Closed,2007-04-25,26.92,2007-06-22,30.83,1857.0,49984.249,7260.87,14.526
632,BPCL,Long Closed,2007-09-26,29.06,2008-02-01,30.83,1720.0,49980.332,3044.4,6.091
633,BPCL,Long Closed,2008-03-10,36.0,2008-04-03,34.67,1388.0,49968.0,-1846.04,-3.694
634,BPCL,Long Closed,2008-08-04,27.75,2008-11-06,26.16,1801.0,49977.75,-2863.59,-5.73
635,BPCL,Long Closed,2008-12-11,27.67,2009-03-19,28.25,1807.0,49993.666,1048.06,2.096
636,BPCL,Long Closed,2009-04-30,32.17,2009-10-30,41.67,1554.0,49986.996,14763.0,29.534
637,BPCL,Long Closed,2009-12-04,50.41,2010-02-03,47.51,991.0,49958.786,-2873.9,-5.753
638,BPCL,Long Closed,2010-05-18,45.47,2010-10-22,60.1,1099.0,49972.445,16078.37,32.174
639,BPCL,Long Closed,2011-04-08,50.71,2011-06-13,50.92,986.0,49998.415,207.06,0.414
640,BPCL,Long Closed,2011-07-08,54.89,2011-09-20,55.42,910.0,49947.626,482.3,0.966
641,BPCL,Long Closed,2012-02-01,47.5,2012-08-09,58.93,1052.0,49970.0,12024.36,24.063
642,BPCL,Long Closed,2012-10-11,58.5,2012-11-06,56.66,854.0,49959.0,-1571.36,-3.145
643,BPCL,Long Closed,2012-12-20,59.49,2013-03-06,65.62,840.0,49972.999,5149.2,10.304
644,BPCL,Long Closed,2013-04-29,68.55,2013-06-07,62.0,729.0,49972.952,-4774.95,-9.555
645,BPCL,Long Closed,2013-10-01,54.76,2013-12-05,59.17,913.0,49994.356,4026.33,8.054
646,BPCL,Long Closed,2013-12-30,58.83,2014-01-07,55.08,849.0,49949.499,-3183.75,-6.374
647,BPCL,Long Closed,2014-02-10,58.37,2014-08-11,95.36,856.0,49961.865,31663.44,63.375
648,BPCL,Long Closed,2014-08-19,109.82,2014-10-28,114.83,455.0,49966.583,2279.55,4.562
649,BPCL,Long Closed,2014-10-31,117.33,2014-12-18,108.35,426.0,49984.001,-3825.48,-7.653
650,BPCL,Long Closed,2015-02-04,120.83,2015-05-15,126.63,413.0,49904.168,2395.4,4.8
651,BPCL,Long Closed,2015-06-03,141.2,2015-08-27,143.33,354.0,49984.799,754.02,1.508
652,BPCL,Long Closed,2015-10-21,152.0,2016-01-04,148.15,328.0,49856.0,-1262.8,-2.533
653,BPCL,Long Closed,2016-03-31,150.65,2016-12-05,201.63,331.0,49865.148,16874.38,33.84
654,BPCL,Long Closed,2017-01-16,220.88,2017-03-14,212.0,226.0,49919.633,-2006.88,-4.02
655,BPCL,Long Closed,2017-04-21,241.48,2017-06-16,225.7,207.0,49987.051,-3266.46,-6.535
656,BPCL,Long Closed,2017-08-02,242.8,2017-10-05,241.05,205.0,49774.001,-358.75,-0.721
657,BPCL,Long Closed,2017-11-02,272.45,2017-12-08,249.25,183.0,49858.352,-4245.6,-8.515
658,BPCL,Long Closed,2017-12-29,261.62,2018-01-18,240.05,191.0,49970.375,-4119.87,-8.245
659,BPCL,Long Closed,2018-06-14,209.95,2018-07-11,187.95,238.0,49968.099,-5236.0,-10.479
660,BPCL,Long Closed,2018-12-04,161.0,2019-02-06,168.98,310.0,49910.0,2473.8,4.957
661,BPCL,Long Closed,2019-03-14,194.48,2019-05-03,192.48,257.0,49980.077,-514.0,-1.028
662,BPCL,Long Closed,2019-05-27,196.5,2019-07-09,181.0,254.0,49911.0,-3937.0,-7.888
663,BPCL,Long Closed,2019-09-13,192.75,2019-12-11,242.5,259.0,49922.25,12885.25,25.811
664,BPCL,Long Closed,2020-06-12,177.62,2020-09-09,203.0,281.0,49912.625,7131.78,14.289
665,BPCL,Long Closed,2020-11-23,193.0,2021-04-15,204.5,259.0,49987.0,2978.5,5.959
666,BPCL,Long Closed,2021-05-21,231.5,2021-07-15,224.65,215.0,49772.5,-1472.75,-2.959
667,BPCL,Long Closed,2021-09-01,236.62,2021-09-30,219.9,211.0,49927.875,-3527.92,-7.066
668,BPCL,Long Closed,2022-01-24,190.7,2022-02-11,184.82,262.0,49963.399,-1540.56,-3.083
669,BPCL,Long Closed,2022-04-08,191.4,2022-05-18,168.23,261.0,49955.398,-6047.37,-12.106
670,BPCL,Long Closed,2022-08-02,167.75,2022-09-26,156.0,298.0,49989.5,-3501.5,-7.004
671,BPCL,Long Closed,2022-11-29,170.75,2023-02-16,165.57,292.0,49859.0,-1512.56,-3.034
672,BPCL,Long Closed,2023-03-29,170.0,2023-08-16,178.38,294.0,49980.0,2463.72,4.929
673,BPCL,Long Closed,2023-11-09,192.55,2024-04-10,294.65,259.0,49870.451,26443.9,53.025
674,BPCL,Long Closed,2024-05-15,304.5,2024-06-27,298.8,164.0,49938.0,-934.8,-1.872
